use lojaderoupa;

-- Tabela: Categoria 
INSERT INTO Categoria (id_categoria, nome, descricao) VALUES
(1, 'Camisetas', 'Camisetas básicas e estampadas'),
(2, 'Calças', 'Calças jeans, sarja e sociais'),
(3, 'Vestidos', 'Modelos curtos, médios e longos'),
(4, 'Sapatos', 'Sapatos sociais e casuais'),
(5, 'Acessórios', 'Bonés, óculos, carteiras e mais'),
(6, 'Bermudas', 'Bermudas jeans, sarja e moletom'),
(7, 'Jaquetas', 'Jaquetas jeans, couro e casacos leves'),
(8, 'Blusas', 'Blusas sociais, de frio e casuais'),
(9, 'Saias', 'Saias curtas, midi e longas'),
(10, 'Bonés', 'Modelos aba reta e clássicos'),
(11, 'Sandálias', 'Modelos rasteiras, salto e plataforma'),
(12, 'Tênis', 'Tênis esportivos e casuais'),
(13, 'Roupas Esportivas', 'Conjuntos e peças fitness'),
(14, 'Moda Praia', 'Biquínis, sungas e saídas de praia'),
(15, 'Casacos', 'Modelos de lã, moletom e puffer'),
(16, 'Meias', 'Esportivas, sociais e casuais'),
(17, 'Carteiras', 'Modelos de couro e sintéticos'),
(18, 'Mochilas', 'Escolares, esportivas e casuais'),
(19, 'Óculos de Sol', 'Diversos modelos e estilos'),
(20, 'Roupas de Inverno', 'Roupas pesadas para frio intenso');

-- Tabela: Produto 
INSERT INTO Produto (idProduto, nome, descricao, preco, tamanho, cor, marca, fk_produto_cate) VALUES
(1, 'Camiseta Branca Básica', 'Camiseta 100% algodão', 39.90, 'M', 'Branca', 'Hering', 1),
(2, 'Camiseta Preta Slim', 'Modelo slim fit em algodão', 59.90, 'G', 'Preta', 'Reserva', 1),
(3, 'Calça Jeans Azul', 'Jeans skinny azul escuro', 120.00, '42', 'Azul', 'Levi’s', 2),
(4, 'Calça Jeans Preta', 'Jeans slim preta', 130.00, '40', 'Preta', 'Calvin Klein', 2),
(5, 'Vestido Floral Curto', 'Vestido casual estampado', 150.00, 'M', 'Colorido', 'Farm', 3),
(6, 'Vestido Longo Vermelho', 'Vestido longo elegante', 220.00, 'G', 'Vermelho', 'Zara', 3),
(7, 'Tênis Esportivo Azul', 'Tênis leve para corrida', 199.90, '41', 'Azul', 'Nike', 12),
(8, 'Tênis Casual Branco', 'Tênis casual versátil', 179.90, '40', 'Branco', 'Adidas', 12),
(9, 'Sandália Rasteira Bege', 'Modelo confortável para verão', 89.90, '37', 'Bege', 'Arezzo', 11),
(10, 'Sandália Salto Alto', 'Modelo social feminino', 149.90, '38', 'Preta', 'Schutz', 11),
(11, 'Jaqueta Jeans Azul', 'Jaqueta jeans clássica', 200.00, 'M', 'Azul', 'Colcci', 7),
(12, 'Jaqueta Couro Preta', 'Jaqueta em couro sintético', 450.00, 'G', 'Preta', 'Ellus', 7),
(13, 'Blusa de Frio Cinza', 'Moletom de algodão', 160.00, 'P', 'Cinza', 'Gap', 8),
(14, 'Blusa Social Branca', 'Blusa de manga longa', 140.00, 'M', 'Branca', 'Zara', 8),
(15, 'Saia Jeans Curta', 'Saia curta moderna', 110.00, '38', 'Azul', 'C&A', 9),
(16, 'Saia Midi Preta', 'Saia midi elegante', 130.00, '40', 'Preta', 'Renner', 9),
(17, 'Boné Preto Aba Reta', 'Modelo casual urbano', 60.00, 'U', 'Preto', 'New Era', 10),
(18, 'Boné Branco Clássico', 'Boné tradicional', 55.00, 'U', 'Branco', 'Nike', 10),
(19, 'Carteira de Couro', 'Carteira masculina couro legítimo', 90.00, 'U', 'Marrom', 'Tommy Hilfiger', 17),
(20, 'Mochila Escolar Preta', 'Mochila com compartimento notebook', 180.00, 'U', 'Preta', 'Jansport', 18),
(21, 'Óculos de Sol Redondo', 'Lente polarizada UV400', 200.00, 'U', 'Preto', 'Ray-Ban', 19),
(22, 'Óculos de Sol Quadrado', 'Modelo moderno unissex', 250.00, 'U', 'Marrom', 'Oakley', 19),
(23, 'Casaco de Lã Bege', 'Casaco inverno pesado', 300.00, 'M', 'Bege', 'Zara', 15),
(24, 'Casaco de Moletom', 'Casaco esportivo casual', 180.00, 'G', 'Cinza', 'Nike', 15),
(25, 'Meias Esportivas', 'Pacote 3 pares', 25.00, 'U', 'Branco', 'Adidas', 16),
(26, 'Meias Coloridas', 'Pacote 5 pares estampadas', 30.00, 'U', 'Colorido', 'Lupo', 16),
(27, 'Bermuda Jeans Azul', 'Bermuda tradicional masculina', 100.00, '42', 'Azul', 'Levi’s', 6),
(28, 'Bermuda Sarja Caqui', 'Bermuda casual', 120.00, '40', 'Caqui', 'Reserva', 6),
(29, 'Camiseta Estampada Rock', 'Camiseta com estampa vintage', 79.90, 'M', 'Preta', 'Hering', 1),
(30, 'Camiseta Polo Azul', 'Modelo polo básica', 99.90, 'G', 'Azul', 'Lacoste', 1),
(31, 'Vestido Preto Clássico', 'Vestido tubinho social', 250.00, 'M', 'Preto', 'Zara', 3),
(32, 'Vestido Listrado', 'Vestido casual listrado', 170.00, 'P', 'Azul/Branco', 'Renner', 3),
(33, 'Sandália Plataforma', 'Sandália salto plataforma', 159.90, '39', 'Bege', 'Arezzo', 11),
(34, 'Tênis Corrida Vermelho', 'Tênis running performance', 210.00, '42', 'Vermelho', 'Mizuno', 12),
(35, 'Tênis Casual Preto', 'Tênis básico para dia a dia', 189.90, '40', 'Preto', 'Converse', 12),
(36, 'Óculos Aviador', 'Clássico modelo aviador', 220.00, 'U', 'Prata', 'Ray-Ban', 19),
(37, 'Óculos Retrô', 'Estilo vintage', 240.00, 'U', 'Dourado', 'Chilli Beans', 19),
(38, 'Mochila de Couro', 'Mochila executiva de couro', 300.00, 'U', 'Preta', 'Luigi Bertolli', 18),
(39, 'Carteira Slim Marrom', 'Carteira compacta', 95.00, 'U', 'Marrom', 'Calvin Klein', 17),
(40, 'Casaco Puffer Preto', 'Casaco térmico acolchoado', 400.00, 'G', 'Preto', 'North Face', 20);

-- Tabela: Promocao
INSERT INTO Promocao (idPromocao, nome, descricao, percentual_desconto, data_inicio, data_fim) VALUES
(1, 'Promoção Inverno', 'Desconto em casacos e jaquetas', 20, '2025-06-01', '2025-06-30'),
(2, 'Semana do Jeans', 'Descontos especiais em calças jeans', 15, '2025-07-01', '2025-07-15'),
(3, 'Liquidação Verão', 'Descontos moda praia e bermudas', 25, '2025-01-10', '2025-01-31'),
(4, 'Ofertas Esportivas', 'Tênis e roupas esportivas com desconto', 10, '2025-03-05', '2025-03-20'),
(5, 'Dia das Mães', 'Presentes femininos com desconto', 20, '2025-05-01', '2025-05-12'),
(6, 'Black Friday', 'Mega liquidação anual', 50, '2025-11-25', '2025-11-30'),
(7, 'Natal Antecipado', 'Ofertas especiais de natal', 30, '2025-12-01', '2025-12-20'),
(8, 'Semana do Consumidor', 'Ofertas em todo o site', 15, '2025-03-10', '2025-03-20'),
(9, 'Volta às Aulas', 'Mochilas e tênis em promoção', 10, '2025-02-01', '2025-02-15'),
(10, 'Desconto Acessórios', 'Bonés, carteiras e óculos com desconto', 20, '2025-04-05', '2025-04-15'),
(11, 'Aniversário da Loja', 'Descontos progressivos em todo o site', 25, '2025-09-01', '2025-09-07'),
(12, 'Queima Sandálias', 'Últimas unidades com desconto', 35, '2025-02-20', '2025-03-01'),
(13, 'Liquidação Camisetas', 'Diversos modelos em promoção', 30, '2025-08-01', '2025-08-15'),
(14, 'Promo Relâmpago', 'Ofertas online por tempo limitado', 40, '2025-09-15', '2025-09-16'),
(15, 'Semana da Moda', 'Produtos selecionados em oferta', 15, '2025-10-01', '2025-10-10'),
(16, 'Cashback Inverno', 'Ganhe cashback em roupas de frio', 20, '2025-06-10', '2025-06-20'),
(17, 'Promo Amigos', 'Traga um amigo e ganhe desconto', 10, '2025-04-01', '2025-04-07'),
(18, 'Clientes VIP', 'Desconto exclusivo para cadastrados', 25, '2025-05-15', '2025-05-20'),
(19, 'Outlet Loja', 'Produtos com até 70% OFF', 30, '2025-08-10', '2025-08-30'),
(20, 'Mega Saldão', 'Ofertas em várias categorias', 50, '2025-12-26', '2025-12-31');

-- Tabela: Cliente
INSERT INTO Cliente (idCliente, nome, email, data_cadastro) VALUES
(1, 'Ana Souza', 'ana.souza@email.com', '2025-01-10'),
(2, 'Carlos Mendes', 'carlos.mendes@email.com', '2025-01-12'),
(3, 'Mariana Lima', 'mariana.lima@email.com', '2025-01-15'),
(4, 'João Pereira', 'joao.pereira@email.com', '2025-01-20'),
(5, 'Fernanda Alves', 'fernanda.alves@email.com', '2025-01-25'),
(6, 'Ricardo Gomes', 'ricardo.gomes@email.com', '2025-01-28'),
(7, 'Patrícia Ferreira', 'patricia.ferreira@email.com', '2025-02-01'),
(8, 'Thiago Oliveira', 'thiago.oliveira@email.com', '2025-02-02'),
(9, 'Juliana Santos', 'juliana.santos@email.com', '2025-02-05'),
(10, 'Roberto Martins', 'roberto.martins@email.com', '2025-02-10'),
(11, 'Beatriz Costa', 'beatriz.costa@email.com', '2025-02-15'),
(12, 'Eduardo Almeida', 'eduardo.almeida@email.com', '2025-02-20'),
(13, 'Camila Rocha', 'camila.rocha@email.com', '2025-02-22'),
(14, 'Lucas Moreira', 'lucas.moreira@email.com', '2025-02-25'),
(15, 'Natália Ribeiro', 'natalia.ribeiro@email.com', '2025-03-01'),
(16, 'Felipe Carvalho', 'felipe.carvalho@email.com', '2025-03-02'),
(17, 'Isabela Monteiro', 'isabela.monteiro@email.com', '2025-03-05'),
(18, 'André Barros', 'andre.barros@email.com', '2025-03-08'),
(19, 'Sofia Lima', 'sofia.lima@email.com', '2025-03-10'),
(20, 'Pedro Henrique', 'pedro.henrique@email.com', '2025-03-12'),
(21, 'Tatiane Farias', 'tatiane.farias@email.com', '2025-03-15'),
(22, 'Gustavo Ramos', 'gustavo.ramos@email.com', '2025-03-18'),
(23, 'Larissa Nogueira', 'larissa.nogueira@email.com', '2025-03-20'),
(24, 'Marcelo Tavares', 'marcelo.tavares@email.com', '2025-03-22'),
(25, 'Vanessa Prado', 'vanessa.prado@email.com', '2025-03-25'),
(26, 'Daniel Castro', 'daniel.castro@email.com', '2025-03-28'),
(27, 'Luana Ferreira', 'luana.ferreira@email.com', '2025-04-01'),
(28, 'Mateus Cardoso', 'mateus.cardoso@email.com', '2025-04-02'),
(29, 'Gabriela Pinto', 'gabriela.pinto@email.com', '2025-04-05'),
(30, 'Rafael Dias', 'rafael.dias@email.com', '2025-04-08'),
(31, 'Débora Teixeira', 'debora.teixeira@email.com', '2025-04-10'),
(32, 'Henrique Silva', 'henrique.silva@email.com', '2025-04-12'),
(33, 'Aline Brito', 'aline.brito@email.com', '2025-04-15'),
(34, 'Otávio Campos', 'otavio.campos@email.com', '2025-04-18'),
(35, 'Letícia Correia', 'leticia.correia@email.com', '2025-04-20'),
(36, 'Diego Pires', 'diego.pires@email.com', '2025-04-22'),
(37, 'Carolina Moraes', 'carolina.moraes@email.com', '2025-04-25'),
(38, 'Bruno Araújo', 'bruno.araujo@email.com', '2025-04-28'),
(39, 'Priscila Duarte', 'priscila.duarte@email.com', '2025-04-30'),
(40, 'Fábio Freitas', 'fabio.freitas@email.com', '2025-05-01');

-- Tabela: Endereco_cliente
INSERT INTO Endereco_cliente (fk_endereco_cliente, cep, rua, numero) VALUES
(1, '50000-000', 'Rua das Flores', 101),
(2, '50010-111', 'Avenida Brasil', 202),
(3, '50020-222', 'Rua da Paz', 303),
(4, '50030-333', 'Rua Central', 404),
(5, '50040-444', 'Rua Alegria', 505),
(6, '50050-555', 'Rua das Árvores', 606),
(7, '50060-666', 'Rua Nova', 707),
(8, '50070-777', 'Rua das Palmeiras', 808),
(9, '50080-888', 'Rua Bela Vista', 909),
(10, '50090-999', 'Avenida Recife', 1001);

-- Tabela: Telefone_cliente
INSERT INTO Telefone_cliente (id_telefone, fk_telefone_cliente, numero) VALUES
(1, 1, '81990001111'),
(2, 2, '81991112222'),
(3, 3, '81992223333'),
(4, 4, '81993334444'),
(5, 5, '81994445555'),
(6, 6, '81995556666'),
(7, 7, '81996667777'),
(8, 8, '81997778888'),
(9, 9, '81998889999'),
(10, 10, '81999990000');

-- Tabela: Funcionario
INSERT INTO Funcionario (cpf, nome, cargo, email) VALUES
('12345678901', 'João Batista', 'Gerente', 'joao.batista@loja.com'),
('23456789012', 'Mariana Silva', 'Atendente', 'mariana.silva@loja.com'),
('34567890123', 'Carlos Oliveira', 'Caixa','carlos.oliveira@loja.com'),
('45678901234', 'Fernanda Souza', 'Vendedora', 'fernanda.souza@loja.com'),
('56789012345', 'Lucas Rocha', 'Estoquista','lucas.rocha@loja.com'),
('67890123456', 'Patrícia Mendes', 'Supervisora','patricia.mendes@loja.com'),
('78901234567', 'Ricardo Costa', 'Atendente','ricardo.costa@loja.com'),
('89012345678', 'Juliana Santos', 'Caixa','juliana.santos@loja.com'),
('90123456789', 'Gabriel Lima', 'Estoquista','gabriel.lima@loja.com'),
('01234567890', 'Camila Ferreira', 'Vendedora','camila.ferreira@loja.com'),
('11122233344', 'Marcelo Tavares', 'Gerente','marcelo.tavares@loja.com'),
('22233344455', 'Renata Almeida', 'Atendente','renata.almeida@loja.com'),
('33344455566', 'Eduardo Ramos', 'Caixa','eduardo.ramos@loja.com'),
('44455566677', 'Natália Cardoso', 'Vendedora', 'natalia.cardoso@loja.com'),
('55566677788', 'André Pereira', 'Estoquista', 'andre.pereira@loja.com'),
('66677788899', 'Isabela Monteiro', 'Supervisora','isabela.monteiro@loja.com'),
('77788899900', 'Felipe Gomes', 'Atendente','felipe.gomes@loja.com'),
('88899900011', 'Tatiane Farias', 'Caixa','tatiane.farias@loja.com'),
('99900011122', 'Bruno Araújo', 'Estoquista','bruno.araujo@loja.com'),
('00011122233', 'Sofia Nogueira', 'Vendedora','sofia.nogueira@loja.com');

-- Tabela: Telefone_funcionario
INSERT INTO Telefone_funcionario (id_telefone, fk_telefone_fun, numero) VALUES
(1, '88899900011', '81988881111'),
(2, '55566677788', '81987772222'),
(3, '55566677788', '81986663333'),
(4, '22233344455', '81985554444'),
(5, '00011122233', '81984445555'),
(6, '11122233344', '81983336666'),
(7, '12345678901', '81982227777'),
(8, '12345678901', '81981118888'),
(9, '89012345678', '81980009999'),
(10, '78901234567', '81989990000');

-- Tabela: Fornecedor
INSERT INTO Fornecedor (idFornecedor, nome, email) VALUES
(1, 'Fornecedor 1', 'fornecedor1@email.com'),
(2, 'Fornecedor 2', 'fornecedor2@email.com'),
(3, 'Fornecedor 3', 'fornecedor3@email.com'),
(4, 'Fornecedor 4', 'fornecedor4@email.com'),
(5, 'Fornecedor 5', 'fornecedor5@email.com'),
(6, 'Fornecedor 6', 'fornecedor6@email.com'),
(7, 'Fornecedor 7', 'fornecedor7@email.com'),
(8, 'Fornecedor 8', 'fornecedor8@email.com'),
(9, 'Fornecedor 9', 'fornecedor9@email.com'),
(10, 'Fornecedor 10', 'fornecedor10@email.com'),
(11, 'Fornecedor 11', 'fornecedor11@email.com'),
(12, 'Fornecedor 12', 'fornecedor12@email.com'),
(13, 'Fornecedor 13', 'fornecedor13@email.com'),
(14, 'Fornecedor 14', 'fornecedor14@email.com'),
(15, 'Fornecedor 15', 'fornecedor15@email.com'),
(16, 'Fornecedor 16', 'fornecedor16@email.com'),
(17, 'Fornecedor 17', 'fornecedor17@email.com'),
(18, 'Fornecedor 18', 'fornecedor18@email.com'),
(19, 'Fornecedor 19', 'fornecedor19@email.com'),
(20, 'Fornecedor 20', 'fornecedor20@email.com');

-- Tabela: Endereco_fornecedor
INSERT INTO Endereco_fornecedor (fk_endereco_for, cep, rua, numero) VALUES
(1, '50000-000', 'Rua A', 100),
(2, '50001-000', 'Rua B', 200),
(3, '50002-000', 'Rua C', 300),
(4, '50003-000', 'Rua D', 400),
(5, '50004-000', 'Rua E', 500),
(6, '50005-000', 'Rua F', 600),
(7, '50006-000', 'Rua G', 700),
(8, '50007-000', 'Rua H', 800),
(9, '50008-000', 'Rua I', 900),
(10, '50009-000', 'Rua J', 1000);

-- Tabela: Telefone_fornecedor
INSERT INTO Telefone_fornecedor (id_telefone, fk_telefone_for, numero) VALUES
(1, 1, '81990000001'),
(2, 2, '81990000002'),
(3, 3, '81990000003'),
(4, 4, '81990000004'),
(5, 5, '81990000005'),
(6, 6, '81990000006'),
(7, 7, '81990000007'),
(8, 8, '81990000008'),
(9, 9, '81990000009'),
(10, 10, '81990000010');

-- Tabela: Fornecedor_Produto
INSERT INTO Fornecedor_Produto (fk_fornecedor, fk_produto) VALUES
(1, 1),
(2, 2),
(3, 3),
(4, 4),
(5, 5),
(6, 6),
(7, 7),
(8, 8),
(9, 9),
(10, 10);

-- Tabela: Venda
INSERT INTO Venda (idVenda, fk_venda_cliente, valor_total, fk_venda_funcionario, forma_pag, data_venda, status, desconto) VALUES
(1, 1, 150.00, '12345678901', 'cartão', '2025-09-01', 'finalizada', 10),
(2, 2, 200.00, '23456789012', 'dinheiro', '2025-09-02', 'finalizada', 0),
(3, 3, 120.00, '34567890123', 'cartão', '2025-09-02', 'pendente', 5),
(4, 4, 250.00, '45678901234', 'pix', '2025-09-03', 'finalizada', 15),
(5, 1, 300.00, '12345678901', 'cartão', '2025-09-03', 'cancelada', 0),
(6, 2, 180.00, '23456789012', 'dinheiro', '2025-09-04', 'finalizada', 0),
(7, 3, 220.00, '34567890123', 'pix', '2025-09-04', 'pendente', 20),
(8, 4, 90.00, '45678901234', 'cartão', '2025-09-05', 'finalizada', 0),
(9, 1, 130.00, '12345678901', 'dinheiro', '2025-09-05', 'finalizada', 5),
(10, 2, 160.00, '23456789012', 'pix', '2025-09-06', 'finalizada', 0),
(11, 3, 210.00, '34567890123', 'cartão', '2025-09-06', 'finalizada', 10),
(12, 4, 190.00, '45678901234', 'dinheiro', '2025-09-07', 'finalizada', 0),
(13, 1, 170.00, '12345678901', 'pix', '2025-09-07', 'finalizada', 5),
(14, 2, 200.00, '23456789012', 'cartão', '2025-09-08', 'pendente', 0),
(15, 3, 220.00, '34567890123', 'dinheiro', '2025-09-08', 'finalizada', 15),
(16, 4, 140.00, '45678901234', 'pix', '2025-09-09', 'finalizada', 0),
(17, 1, 180.00, '12345678901', 'cartão', '2025-09-09', 'pendente', 5),
(18, 2, 230.00, '23456789012', 'dinheiro', '2025-09-10', 'finalizada', 10),
(19, 3, 210.00, '34567890123', 'pix', '2025-09-10', 'finalizada', 0),
(20, 4, 190.00, '45678901234', 'cartão', '2025-09-11', 'finalizada', 0),
(21, 1, 250.00, '12345678901', 'dinheiro', '2025-09-11', 'finalizada', 15),
(22, 2, 160.00, '23456789012', 'pix', '2025-09-12', 'pendente', 0),
(23, 3, 180.00, '34567890123', 'cartão', '2025-09-12', 'finalizada', 5),
(24, 4, 200.00, '45678901234', 'dinheiro', '2025-09-13', 'finalizada', 0),
(25, 1, 220.00, '12345678901', 'pix', '2025-09-13', 'finalizada', 10),
(26, 2, 240.00, '23456789012', 'cartão', '2025-09-14', 'pendente', 0),
(27, 3, 260.00, '34567890123', 'dinheiro', '2025-09-14', 'finalizada', 15),
(28, 4, 280.00, '45678901234', 'pix', '2025-09-15', 'finalizada', 0),
(29, 1, 300.00, '12345678901', 'cartão', '2025-09-15', 'finalizada', 5),
(30, 2, 320.00, '23456789012', 'dinheiro', '2025-09-16', 'finalizada', 0),
(31, 3, 340.00, '34567890123', 'pix', '2025-09-16', 'finalizada', 10),
(32, 4, 360.00, '45678901234', 'cartão', '2025-09-17', 'finalizada', 0),
(33, 1, 380.00, '12345678901', 'dinheiro', '2025-09-17', 'finalizada', 15),
(34, 2, 400.00, '23456789012', 'pix', '2025-09-18', 'pendente', 0),
(35, 3, 420.00, '34567890123', 'cartão', '2025-09-18', 'finalizada', 5),
(36, 4, 440.00, '45678901234', 'dinheiro', '2025-09-19', 'finalizada', 0),
(37, 1, 460.00, '12345678901', 'pix', '2025-09-19', 'finalizada', 10),
(38, 2, 480.00, '23456789012', 'cartão', '2025-09-20', 'finalizada', 0),
(39, 3, 500.00, '34567890123', 'dinheiro', '2025-09-20', 'pendente', 15),
(40, 4, 520.00, '45678901234', 'pix', '2025-09-21', 'finalizada', 0);

-- Tabela: Item_venda
INSERT INTO Item_venda (id_itensV, fk_itemV_vendas, fk_itemV_pro, quantidade, preco_unitario, desconto) VALUES
(1, 1, 1, 2, 75.00, 5),
(2, 1, 2, 1, 75.00, 5),
(3, 2, 3, 3, 66.66, 0),
(4, 3, 4, 1, 120.00, 5),
(5, 4, 5, 2, 125.00, 15),
(6, 5, 6, 1, 300.00, 0),
(7, 6, 7, 2, 90.00, 0),
(8, 7, 8, 3, 73.33, 20),
(9, 8, 9, 1, 90.00, 0),
(10, 9, 10, 2, 65.00, 5),
(11, 10, 11, 1, 160.00, 0),
(12, 11, 12, 2, 105.00, 10),
(13, 12, 13, 1, 190.00, 0),
(14, 13, 14, 2, 85.00, 5),
(15, 14, 15, 3, 66.66, 0),
(16, 15, 16, 1, 146.66, 15),
(17, 16, 17, 2, 70.00, 0),
(18, 17, 18, 1, 90.00, 5),
(19, 18, 19, 2, 115.00, 10),
(20, 19, 20, 1, 210.00, 0),
(21, 20, 1, 2, 125.00, 15),
(22, 21, 2, 3, 53.33, 0),
(23, 22, 3, 1, 80.00, 0),
(24, 23, 4, 2, 90.00, 5),
(25, 24, 5, 1, 100.00, 0),
(26, 25, 6, 2, 110.00, 10),
(27, 26, 7, 3, 80.00, 0),
(28, 27, 8, 1, 86.66, 15),
(29, 28, 9, 2, 140.00, 0),
(30, 29, 10, 1, 150.00, 5),
(31, 30, 11, 2, 170.00, 0),
(32, 31, 12, 1, 180.00, 10),
(33, 32, 13, 2, 190.00, 0),
(34, 33, 14, 1, 200.00, 15),
(35, 34, 15, 2, 210.00, 0),
(36, 35, 16, 1, 220.00, 5),
(37, 36, 17, 2, 230.00, 0),
(38, 37, 18, 1, 240.00, 10),
(39, 38, 19, 2, 250.00, 0),
(40, 39, 20, 1, 260.00, 15);

-- Tabela: Estoque 
INSERT INTO Estoque (idEstoque, fk_estoque_pro, quantidade, data_entrada, data_saida) VALUES
(11, 11, 55, '2025-09-06', '2025-09-16'),
(12, 12, 60, '2025-09-06', '2025-09-17'),
(13, 13, 35, '2025-09-07', '2025-09-18'),
(14, 14, 45, '2025-09-07', '2025-09-19'),
(15, 15, 50, '2025-09-08', '2025-09-20'),
(16, 16, 40, '2025-09-08', '2025-09-21'),
(17, 17, 60, '2025-09-09', '2025-09-22'),
(18, 18, 55, '2025-09-09', '2025-09-23'),
(19, 19, 45, '2025-09-10', '2025-09-24'),
(20, 20, 50, '2025-09-10', '2025-09-25'),
(21, 21, 30, '2025-09-11', '2025-09-26'),
(22, 22, 40, '2025-09-11', '2025-09-27'),
(23, 23, 35, '2025-09-12', '2025-09-28'),
(24, 24, 25, '2025-09-12', '2025-09-29'),
(25, 25, 45, '2025-09-13', '2025-09-30'),
(26, 26, 50, '2025-09-13', '2025-10-01'),
(27, 27, 55, '2025-09-14', '2025-10-02'),
(28, 28, 60, '2025-09-14', '2025-10-03'),
(29, 29, 40, '2025-09-15', '2025-10-04'),
(30, 30, 50, '2025-09-15', '2025-10-05');

-- Tabela: Produto_Promocao
INSERT INTO Produto_Promocao (fk_produto, fk_promocao) VALUES
(1, 11),
(2, 20),
(3, 4),
(4, 10),
(5, 9),
(6, 9),
(7, 10),
(8, 3),
(9, 2),
(10, 1);
